Delta_X,Delta_Y,Height,Rotation
84112.80179552756,431810.2822100221,0.0,0.4145156973486532
